0,b35dad49d5e5-Hudep2_ATAC,903998218d43-Hudep2_D3_merged_CTCF.all,c561f5bafe88-Hudep2_BCL11A,4adb82a224a9-Hudep2_D0_GATA1.all,5962f580cf71-HUDEP2_LRF_CHIP,7a91299652f3-Hudep2_D3_merged_GATA1.all,52f75d441242-Hudep2_D3_merged_KLF1.all,20cbd220d0cc-Hudep2_D3_merged_LDB1.all,45961428460e-Hudep2_D3_merged_TAL1.all
chr2:57948196-57948197,164.824,48.646,1.8292099999999998,4.52723,16.1238,3.66089,12.2054,7.2698,4.89356
chr2:57948197-57948198,164.81400000000002,48.5668,1.84158,4.5198,16.1238,3.65099,12.1832,7.26485,4.88861
chr11:5173162-5173163,1342.12,18.6881,47.2723,185.542,36.0767,311.015,88.948,215.495,220.428
chr11:5173167-5173168,1335.99,18.7129,47.8787,185.282,35.6683,309.567,88.9851,213.06900000000002,220.317
chr11:5173168-5173169,1334.76,18.7178,48.0,185.23,35.5866,309.277,88.9926,212.584,220.295
chr11:5305929-5305930,1975.82,23.3292,134.96,137.082,79.5965,327.99,257.475,137.958,252.98
chr2:57948205-57948206,161.861,47.2475,1.9306900000000002,4.44307,16.1559,3.52475,11.9703,7.2203,4.8465300000000004
chr2:57948200-57948201,164.44799999999998,48.2252,1.8811900000000001,4.49257,16.1312,3.61139,12.1064,7.24505,4.87129
chr11:5264367-5264368,85.8441,3.60396,5.55693,4.25,11.7723,2.13366,8.76238,7.69802,5.32178
chr11:5264372-5264373,87.8119,3.7029699999999997,5.64356,4.25,11.8837,2.17079,8.83663,7.648510000000001,5.27228
chr11:5264366-5264367,85.4505,3.58416,5.5396,4.25,11.75,2.12624,8.74752,7.70792,5.33168
chr11:5305936-5305937,2068.55,23.5545,143.797,142.748,81.0,338.733,267.941,144.005,260.95
chr11:5305925-5305926,1922.83,23.2005,129.911,133.844,78.7946,321.851,251.495,134.502,248.426
chr11:5264364-5264365,84.6634,3.54455,5.50495,4.25,11.7054,2.11139,8.71782,7.72772,5.35149
chr11:5264363-5264364,84.2698,3.52475,5.48762,4.25,11.6832,2.10396,8.70297,7.73762,5.36139
chr11:5248329-5248330,2437.76,18.1015,35.1807,23.1584,46.3713,54.3168,96.5446,25.1139,34.9851
chr11:5173171-5173172,1331.09,18.7327,48.3639,185.074,35.3416,308.408,89.0149,211.12900000000002,220.22799999999998
chr11:5248373-5248374,2329.19,17.2302,32.4084,22.9703,40.0347,52.4183,98.8416,24.1238,31.9802
chr11:5173173-5173174,1328.64,18.7426,48.6064,184.97,35.1782,307.829,89.0297,210.158,220.183
chr2:57948208-57948209,160.309,46.6609,1.9604,4.41337,16.1708,3.4727699999999997,11.8886,7.20545,4.83168
chr11:5248331-5248332,2437.25,18.0916,35.0421,23.203000000000003,46.0941,54.297,96.8515,25.0198,34.8663
chr11:5248341-5248342,2434.68,18.0421,34.349000000000004,23.4257,44.7079,54.198,98.3861,24.5495,34.2723
chr19:13188330-13188331,982.666,32.3391,19.8911,93.8985,136.218,275.371,85.3886,80.0223,102.889
chr19:13190508-13190509,1160.14,35.7896,13.0941,19.7574,89.1584,34.4777,70.0371,17.9109,18.0718
chr11:5646442-5646443,47.5891,6.13366,1.25248,2.5099,9.21535,2.25248,8.75,3.5099,3.23267
chr11:5646445-5646446,47.0693,6.17822,1.25248,2.45792,9.17822,2.25248,8.84653,3.4579199999999997,3.2401
chr11:5646435-5646436,48.802,6.0297,1.25248,2.63119,9.30198,2.25248,8.52475,3.63119,3.21535
chr11:5255916-5255917,389.56199999999995,20.9579,12.0421,40.2401,14.2525,173.762,15.9975,23.8762,24.5
chr11:5255918-5255919,385.651,20.849,11.9728,40.3441,14.2376,173.66299999999998,16.0421,23.8614,24.3812
chr19:12952052-12952053,216.933,11.5644,5.22525,12.8837,43.6584,10.1683,25.5446,16.1411,9.70792
chr19:13144231-13144232,126.839,47.1683,3.9826699999999997,10.3787,25.9579,10.5594,13.5025,8.59653,6.70545
chr19:13144230-13144231,125.772,47.0248,3.99505,10.3589,25.896,10.5025,13.4827,8.58168,6.68317
chr19:13144229-13144230,124.705,46.8812,4.00743,10.3391,25.8342,10.4455,13.4629,8.56683,6.660889999999999
chr19:13144227-13144228,122.572,46.5941,4.03218,10.2995,25.7104,10.3317,13.4233,8.53713,6.616339999999999
chr19:12952049-12952050,216.545,11.5,5.24505,13.0124,43.4554,10.0941,25.6683,16.2624,9.767330000000001
chr19:13188328-13188329,980.072,32.349000000000004,19.7921,93.4728,135.72299999999998,274.267,85.3292,79.8243,102.641
chr11:5248374-5248375,2324.85,17.198,32.3515,22.9431,39.8886,52.3465,98.8045,24.1238,31.9059
chr19:13188335-13188336,989.1510000000001,32.3144,20.1386,94.9629,137.455,278.131,85.5371,80.5173,103.507
chr19:12952051-12952052,216.97799999999998,11.5421,5.23267,12.9257,43.6015,10.151,25.5743,16.1807,9.72277
chr11:5268537-5268538,11.995,2.5693099999999998,2.84406,6.4034699999999996,13.1931,4.7797,3.8118800000000004,7.21287,3.4975199999999997
chr11:5268543-5268544,12.1139,2.4802,2.85891,6.50743,13.1634,4.88366,3.7821800000000003,7.3465300000000004,3.4975199999999997
chr11:5268546-5268547,12.1733,2.4356400000000002,2.86634,6.559410000000001,13.1485,4.93564,3.7673300000000003,7.41337,3.4975199999999997
chr11:5268547-5268548,12.1931,2.42079,2.86881,6.57673,13.1436,4.95297,3.7623800000000003,7.435639999999999,3.4975199999999997
chr11:4629107-4629108,307.13599999999997,11.8119,1.08663,4.99752,39.3193,6.50743,23.0817,10.5866,6.9505
chr11:5248450-5248451,1772.5,14.1188,28.0248,18.6906,31.245,47.1832,85.6312,23.8639,24.3218
chr6:135396388-135396389,152.361,46.4381,2.7797,14.5446,33.7847,14.7921,29.3663,13.7153,8.32673
chr6:135396386-135396387,152.653,46.6856,2.78465,14.6584,33.8985,14.9059,29.4059,13.8589,8.36139
chr11:5302018-5302019,1538.23,23.9579,132.983,74.4653,67.4356,126.27,539.748,191.79,140.941
chr11:5302020-5302021,1530.29,23.8342,131.626,73.9158,67.2574,125.686,536.619,189.68099999999998,139.975
chr11:5302021-5302022,1526.33,23.7723,130.94799999999998,73.6411,67.1683,125.39399999999999,535.054,188.62599999999998,139.493
chr6:135396384-135396385,152.946,46.9332,2.7896,14.7723,34.0124,15.0198,29.4455,14.0025,8.39604
chr11:5302014-5302015,1554.09,24.2054,135.696,75.5644,67.7921,127.43799999999999,546.005,196.007,142.871
chr19:13076542-13076543,459.225,227.606,4.7401,13.4975,114.90299999999999,41.3045,50.5223,29.6485,33.5866
chr19:13076540-13076541,461.087,229.938,4.70545,13.5272,115.295,41.3193,50.7847,29.7178,33.448
chr19:13076539-13076540,462.017,231.104,4.68812,13.5421,115.49,41.3267,50.9158,29.7525,33.3787
chr11:4629103-4629104,297.483,11.7822,0.977723,4.86881,39.4084,6.37871,22.9134,10.6064,6.78218
chr19:13076536-13076537,464.809,234.601,4.63614,13.5866,116.07700000000001,41.349,51.3094,29.8564,33.1708
chr11:4629102-4629103,295.069,11.7748,0.9504950000000001,4.83663,39.4307,6.3465300000000004,22.8713,10.6114,6.7401
chr19:13076548-13076549,453.64099999999996,220.611,4.84406,13.4084,113.73,41.2599,49.7351,29.4406,34.0025
chr6:135396382-135396383,153.238,47.1807,2.79455,14.8861,34.1262,15.1337,29.4851,14.145999999999999,8.43069
chr6:135396383-135396384,153.092,47.0569,2.79208,14.8292,34.0693,15.0767,29.4653,14.0743,8.41337
chr19:13212197-13212198,240.582,88.2327,4.54208,9.16584,164.926,8.67327,28.3639,14.1832,8.58911
chr6:135396379-135396380,153.67600000000002,47.552,2.80198,15.0569,34.297,15.3045,29.5446,14.3614,8.482669999999999
chr2:60643602-60643603,9.0099,4.52723,0.292079,2.63119,2.14356,1.36881,3.2302,3.09901,1.84653
chr6:135396376-135396377,154.114,47.9233,2.8094099999999997,15.2277,34.4678,15.4752,29.604,14.5767,8.53465
chr2:60643599-60643600,9.32426,4.49257,0.247525,2.62129,2.13614,1.3836600000000001,3.24752,3.13614,1.8811900000000001
chr2:60643603-60643604,8.92079,4.53713,0.306931,2.63366,2.14851,1.3663399999999999,3.22277,3.08911,1.83663
chr6:135396380-135396381,153.53,47.4282,2.7995,15.0,34.2401,15.2475,29.5248,14.2896,8.46535
chr2:60643598-60643599,9.42574,4.48267,0.24257399999999998,2.61634,2.15099,1.3935600000000001,3.24752,3.15099,1.88861
chr19:12998046-12998047,1501.41,26.5644,62.25,95.04700000000001,337.81699999999995,256.282,87.5941,57.8267,75.8738
chr19:12998048-12998049,1514.32,26.6634,62.9629,95.6856,339.361,258.584,88.005,58.2475,76.4777
chr2:60643596-60643597,9.62871,4.46287,0.232673,2.60644,2.1806900000000002,1.41337,3.24752,3.1806900000000002,1.90347
chr19:12998044-12998045,1488.5,26.4653,61.5371,94.4084,336.272,253.98,87.1832,57.4059,75.2698
chr19:12998050-12998051,1526.92,26.7624,63.7525,96.4084,341.05400000000003,261.121,88.4802,58.7302,77.2748
chr19:12998041-12998042,1469.15,26.3168,60.4678,93.4505,333.955,250.52700000000002,86.5668,56.7748,74.3639
chr19:13212202-13212203,245.502,90.2574,4.66337,9.2896,165.65599999999998,8.78218,28.6436,14.2351,8.90347
chr2:60792756-60792757,101.50200000000001,55.4158,0.925743,1.50248,9.50248,5.63119,7.58168,2.55198,3.84901
chr2:60792762-60792763,104.22,56.4703,0.970297,1.50248,9.50248,5.75,7.43317,2.59653,3.9381199999999996
chr2:60792763-60792764,104.67299999999999,56.646,0.977723,1.50248,9.50248,5.7698,7.40842,2.60396,3.9529699999999997
chr2:60792759-60792760,102.861,55.9431,0.9480200000000001,1.50248,9.50248,5.69059,7.50743,2.5742599999999998,3.89356
chr2:60792755-60792756,101.05,55.2401,0.918317,1.50248,9.50248,5.61139,7.606439999999999,2.54455,3.83416
chr11:5246880-5246881,635.418,15.453,36.2896,43.7104,40.9728,39.8564,36.4926,21.849,20.6733
chr11:5246884-5246885,648.191,15.4629,37.3193,44.3243,41.0025,40.3416,36.4431,21.8292,20.8416
chr11:5246878-5246879,629.0319999999999,15.448,35.7748,43.4035,40.9579,39.6139,36.5173,21.8589,20.5891
chr19:13180950-13180951,909.829,37.8688,31.1658,77.9282,105.069,160.91299999999998,70.2129,44.1782,85.6213
chr2:60781359-60781360,252.58900000000003,9.36386,8.12376,8.12376,36.4134,5.64851,10.8564,6.646039999999999,5.51733
chr11:5248369-5248370,2346.56,17.3589,32.6361,23.0792,40.6188,52.7054,98.9901,24.1238,32.2772
chr11:5248363-5248364,2372.61,17.552,32.9777,23.2426,41.495,53.1361,99.2129,24.1238,32.7228
chr11:4629112-4629113,319.203,11.849,1.2227700000000001,5.15842,39.2079,6.66832,23.2921,10.5619,7.160889999999999
chr2:60781354-60781355,253.567,9.17822,8.12376,8.12376,36.203,5.63614,10.8688,6.57178,5.38119
chr11:4629161-4629162,432.324,12.3861,2.4802,6.51733,37.7649,8.57178,25.75,10.4356,9.21535
chr11:5248360-5248361,2385.63,17.6485,33.1485,23.3243,41.9332,53.3515,99.3243,24.1238,32.9455
chr2:60782399-60782400,756.196,67.0792,9.75,10.604000000000001,53.2475,12.8564,39.3861,16.245,10.7574
chr2:60782395-60782396,755.334,67.6535,9.7599,10.4851,53.3168,12.7871,39.5248,16.2351,10.797
chr19:13190427-13190428,933.04,38.9431,12.1658,23.5792,84.8292,41.2153,68.1337,19.6089,16.6535
chr19:12943440-12943441,462.725,149.248,22.2723,12.7475,80.4332,27.9257,69.8985,18.8144,16.4728
chr6:135376573-135376574,711.002,21.5025,9.96535,14.5347,47.6238,31.2302,53.6411,9.75248,21.3639
chr11:5268526-5268527,11.7772,2.73267,2.81683,6.21287,13.2475,4.58911,3.86634,6.96782,3.4975199999999997
chr6:135376580-135376581,700.225,21.1733,9.80941,14.6559,47.2946,31.854,52.1683,9.75248,21.104
chr19:13056589-13056590,1164.81,48.6609,115.866,47.052,130.24,149.688,305.621,23.8911,24.4431
chr6:135376584-135376585,694.067,20.9851,9.7203,14.7252,47.1064,32.2104,51.3267,9.75248,20.9554
chr19:13056591-13056592,1171.26,48.6757,117.11399999999999,46.8787,130.963,149.347,305.54200000000003,23.9356,24.5718
chr19:13056592-13056593,1174.48,48.6832,117.738,46.7921,131.32399999999998,149.17600000000002,305.502,23.9579,24.6361
chr19:12943409-12943410,398.19300000000004,127.839,17.9752,12.7475,78.6683,27.3119,66.8292,19.4282,16.396
chr19:13056583-13056584,1145.46,48.6163,112.124,47.5718,128.072,150.713,305.85900000000004,23.7574,24.0569
chr19:12952063-12952064,216.44299999999998,11.8094,5.14356,12.4208,44.2847,10.3589,25.2178,15.7054,9.54455
chr19:13056593-13056594,1177.71,48.6906,118.361,46.7054,131.686,149.005,305.46299999999997,23.9802,24.7005
chr11:5246298-5246299,637.057,7.9034699999999996,18.6658,16.3886,34.2946,23.3639,26.5297,21.4406,22.6683
chr19:12952068-12952069,216.22,11.9208,5.10644,12.2104,44.5693,10.4455,25.0693,15.5074,9.4703
chr11:5246296-5246297,639.839,7.93317,18.7153,16.4084,34.6361,23.3589,26.5644,21.3762,22.7228
chr2:60778132-60778133,399.01199999999994,12.2896,0.339109,7.26485,78.7104,6.32673,25.7129,6.17822,3.99505
chr19:13190434-13190435,969.1139999999999,38.995,12.2698,23.2847,85.7995,40.9554,68.896,19.5743,16.9134
chr2:58311540-58311541,45.4554,4.90842,2.49752,5.53218,10.1411,9.80941,6.97277,4.08168,2.40347
chr11:5246307-5246308,621.9780000000001,7.915839999999999,18.198,16.1832,32.8193,23.1238,26.4851,21.5941,22.3391
chr2:58311543-58311544,45.849,4.97525,2.49752,5.59901,10.0594,9.71287,6.9802,4.13366,2.43317
chr19:13190430-13190431,948.5,38.9653,12.2104,23.453000000000003,85.245,41.104,68.4604,19.5941,16.7649
chr11:5246306-5246307,623.634,7.910889999999999,18.2525,16.2079,32.9728,23.1559,26.4876,21.5817,22.3762
chr19:13700243-13700244,219.34900000000002,137.931,4.05198,10.9406,39.0916,3.8193099999999998,14.8292,16.8292,7.180689999999999
chr19:13048798-13048799,2036.07,28.6535,138.703,33.9604,250.433,82.5025,120.027,25.005,39.4802
chr19:13048800-13048801,2057.74,28.6559,141.106,34.0446,250.032,83.0446,121.485,25.0297,39.5866
chr19:13188319-13188320,968.3989999999999,32.3936,19.3465,91.5569,133.495,269.3,85.0619,78.9332,101.527
chr2:59409658-59409659,105.351,46.3465,1.89356,4.9703,9.94554,1.5198,4.70545,2.68812,7.03218
chr2:59409659-59409660,104.899,46.1881,1.8811900000000001,4.93812,9.91089,1.5222799999999999,4.7005,2.6806900000000002,7.02228
chr6:135395060-135395061,257.8,16.245,3.38366,50.1584,36.354,84.3193,45.3688,25.8762,24.4109
chr19:12943657-12943658,433.76199999999994,239.438,10.995,11.4802,76.1361,27.6906,63.8243,13.9975,12.9752
chr2:59409662-59409663,103.54,45.7129,1.8440599999999998,4.84158,9.80693,1.5297,4.68564,2.65842,6.99257
chr11:5246936-5246937,745.319,15.7723,45.7995,49.0099,40.5792,44.599,35.9802,21.9332,23.5916
chr11:5246934-5246935,742.76,15.7574,45.5569,48.8861,40.6089,44.4703,35.995,21.9233,23.4777
chr19:12996004-12996005,1762.46,42.3218,175.26,14.1881,96.29700000000001,30.3738,91.9406,27.6584,35.0223
chr19:12996005-12996006,1761.84,42.5198,174.817,14.2277,96.4381,30.3762,92.0347,27.7178,35.0272
chr19:12996006-12996007,1761.23,42.7178,174.37400000000002,14.2673,96.5792,30.3787,92.1287,27.7772,35.0322
chr11:5246932-5246933,740.2,15.7426,45.3144,48.7624,40.6386,44.3416,36.0099,21.9134,23.3639
chr11:5246303-5246304,628.601,7.896039999999999,18.4158,16.2822,33.4332,23.2525,26.495,21.5446,22.4876
chr19:13188321-13188322,970.993,32.3837,19.4455,91.9827,133.99,270.403,85.1213,79.1312,101.775
chr11:5246302-5246303,630.257,7.891089999999999,18.4703,16.3069,33.5866,23.2847,26.4975,21.5322,22.5248
chr19:12998528-12998529,1277.07,36.5545,52.75,163.589,316.993,389.295,83.8267,123.196,219.05900000000003
chr2:60778131-60778132,399.67800000000005,12.3342,0.344059,7.2797,78.8144,6.32426,25.7673,6.14604,3.9876199999999997
chr11:5248357-5248358,2398.66,17.745,33.3193,23.4059,42.3713,53.5668,99.4356,24.1238,33.1683
chr6:135419554-135419555,397.097,12.854000000000001,5.01485,19.7129,32.3886,60.5396,48.9282,33.7673,36.2525
chr6:135419555-135419556,399.24300000000005,12.8762,5.04455,19.7054,32.3663,60.6559,49.047,33.7995,36.3069
chr2:59409663-59409664,103.087,45.5545,1.83168,4.80941,9.77228,1.5321799999999999,4.68069,2.65099,6.98267
chr11:4208385-4208386,559.0369999999999,86.0644,0.821782,13.1436,37.854,11.3391,29.4579,7.945539999999999,9.33663
chr19:12996104-12996105,1516.0,64.30199999999999,115.745,18.2624,109.0,27.7772,97.0347,31.4926,33.3069
chr19:12996102-12996103,1526.95,63.9059,117.24,18.203,108.941,27.8713,97.1733,31.546999999999997,33.3911
chr2:59409655-59409656,106.71,46.8218,1.9306900000000002,5.06683,10.0495,1.5123799999999998,4.7203,2.7104,7.06188
chr6:135419549-135419550,384.597,12.745,4.84901,19.7426,32.4851,59.8663,48.2401,33.547,35.9208
chr2:59409654-59409655,107.163,46.9802,1.94307,5.09901,10.0842,1.5099,4.72525,2.71782,7.07178
chr19:12996107-12996108,1499.58,64.896,113.50200000000001,18.3515,109.089,27.6361,96.8267,31.4109,33.1807
chr2:59409657-59409658,105.804,46.505,1.9059400000000002,5.00248,9.9802,1.5173299999999998,4.7104,2.6955400000000003,7.04208
chr19:13190420-13190421,896.965,38.8911,12.0619,23.8738,83.8589,41.4752,67.3713,19.6436,16.3936
chr19:13190419-13190420,891.812,38.8837,12.047,23.9158,83.7203,41.5124,67.2624,19.6485,16.3564
chr19:12996109-12996110,1488.63,65.2921,112.007,18.4109,109.149,27.5421,96.6881,31.3564,33.0965
chr11:4208381-4208382,556.443,85.8861,0.841584,13.1832,37.8144,11.3985,29.3787,7.96535,9.39604
chr11:4208373-4208374,551.255,85.5297,0.881188,13.2624,37.7351,11.5173,29.2203,8.00495,9.51485
chr11:4208375-4208376,552.552,85.6188,0.871287,13.2426,37.755,11.4876,29.2599,7.99505,9.48515
chr19:13213628-13213629,2403.98,54.3069,97.4257,403.911,233.88400000000001,960.2330000000001,238.183,221.483,534.2869999999999
chr11:4208374-4208375,551.903,85.5743,0.876238,13.2525,37.745,11.5025,29.2401,8.0,9.5
chr2:60792842-60792843,118.443,61.7178,1.67327,1.81683,10.0297,6.49752,5.5495,3.7227699999999997,4.49752
chr19:13190416-13190417,876.3510000000001,38.8614,12.0025,24.0421,83.3045,41.6238,66.9356,19.6634,16.245
chr2:60792843-60792844,118.376,61.6856,1.68317,1.8242599999999998,10.0421,6.49752,5.52723,3.7425699999999997,4.49752
chr11:4167432-4167433,66.745,4.20545,2.34406,11.4109,11.1163,6.04703,7.05693,6.35396,4.13366
chr2:60792835-60792836,118.911,61.9431,1.60396,1.76485,9.94307,6.49752,5.70545,3.58416,4.49752
chr11:5402156-5402157,227.455,84.6856,6.41337,9.63861,18.6238,6.34901,11.9282,7.309410000000001,3.7401
chr19:12995996-12995997,1755.99,40.8837,177.7,13.9406,95.1535,30.0223,91.0446,27.1708,34.9629
chr11:5402157-5402158,227.733,84.7376,6.40099,9.64109,18.6238,6.32673,11.9183,7.2995,3.7203
chr19:13190413-13190414,860.8910000000001,38.8391,11.9579,24.1683,82.8886,41.7351,66.6089,19.6782,16.1337
chr11:4167433-4167434,67.0965,4.20792,2.33168,11.4158,11.1312,6.08663,7.0396,6.37624,4.12624
chr19:13145089-13145090,610.141,143.554,13.6906,8.87871,47.9703,12.2822,30.6535,16.4059,7.430689999999999
chr19:12996001-12996002,1764.3,41.7277,176.58900000000003,14.0693,95.8738,30.3663,91.6584,27.4802,35.0074
chr11:4629275-4629276,610.386,14.6906,4.32673,7.128710000000001,32.2475,12.5668,33.3886,11.7574,12.6906
chr19:12996003-12996004,1763.07,42.1238,175.703,14.1485,96.1559,30.3713,91.8465,27.599,35.0173
chr19:13193413-13193414,197.292,58.6238,1.9009900000000002,5.36386,24.3441,4.15842,13.7079,15.1906,6.940589999999999
chr11:4167424-4167425,63.9332,4.18564,2.44307,11.3713,10.9975,5.7302,7.195539999999999,6.17574,4.19307
chr2:59324257-59324258,23.7054,5.05941,0.608911,3.9703,10.7574,9.60396,4.30693,5.55941,6.93317
chr11:4167434-4167435,67.44800000000001,4.2104,2.3193099999999998,11.4208,11.145999999999999,6.12624,7.02228,6.39851,4.11881
chr11:5246942-5246943,752.998,15.8168,46.5272,49.3812,40.4901,44.9851,35.9356,21.9629,23.9332
chr19:13700237-13700238,215.22,135.688,4.0965300000000004,10.7772,38.7351,3.87871,14.4579,17.1262,7.121289999999999
chr2:59324258-59324259,23.7327,5.03465,0.606436,3.9826699999999997,10.7426,9.60149,4.3465300000000004,5.56683,6.940589999999999
chr19:13058846-13058847,1526.5,27.2649,63.802,116.15100000000001,107.626,270.686,271.35900000000004,81.9802,102.676
