name,3,4,AF,DP
chr1-671864,A,G,0.2142857142857143,14.0
chr1-1595388,A,G,0.19999999999999996,25.0
chr1-17222722,A,G,0.10526315789473684,38.0
chr1-28661652,A,G,0.19999999999999996,10.0
chr1-28825415,A,G,0.15000000000000002,20.0
chr1-28825422,A,G,0.10526315789473684,19.0
chr1-33148772,A,G,0.16666666666666663,12.0
chr1-46830110,A,G,0.16666666666666663,12.0
chr1-52817468,A,G,0.19999999999999996,10.0
chr1-52817476,A,G,0.16666666666666663,12.0
chr1-109475726,A,G,0.15384615384615385,13.0
chr1-144621603,A,G,0.4666666666666667,15.0
chr1-149814092,A,G,0.15384615384615385,13.0
chr1-149814170,A,G,0.11475409836065575,61.0
chr1-149814194,A,G,0.25,24.0
chr1-151177726,A,G,0.19999999999999996,10.0
chr1-151177731,A,G,0.19999999999999996,10.0
chr1-154205676,A,G,0.18181818181818177,11.0
chr1-173828900,A,G,0.14893617021276595,47.0
chr1-173830855,A,G,0.19999999999999996,10.0
chr1-173830857,A,G,0.18181818181818177,11.0
chr1-173830991,A,G,0.2666666666666667,15.0
chr1-204519721,A,G,0.1071428571428571,28.0
chr1-204519734,A,G,0.12195121951219512,41.0
chr1-204521711,A,G,0.19047619047619047,21.0
chr1-204525591,A,G,0.16000000000000003,25.0
chr1-228365370,A,G,0.18181818181818177,11.0
chr2-24225446,A,G,0.13636363636363635,22.0
chr2-201755865,A,G,0.2666666666666667,15.0
chr2-203141398,A,G,0.12903225806451613,31.0
chr2-203156266,A,G,0.4,10.0
chr2-204164422,A,G,0.25,12.0
chr2-204165840,A,G,0.25,12.0
chr2-208619742,A,G,0.4347826086956522,23.0
chr2-217366786,A,G,0.12,25.0
chr3-39450890,A,G,0.23913043478260865,46.0
chr3-40578941,A,G,0.19999999999999996,10.0
chr3-45721974,A,G,0.19047619047619047,21.0
chr3-62281436,A,G,0.2941176470588235,17.0
chr3-73029795,A,G,0.3571428571428571,14.0
chr3-93846907,A,G,0.17647058823529416,17.0
chr3-93846908,A,G,0.17647058823529416,17.0
chr3-101489089,A,G,0.24,25.0
chr4-39478899,A,G,0.16666666666666663,12.0
chr4-124237187,A,G,0.1578947368421053,19.0
chr4-128757411,A,G,0.1578947368421053,19.0
chr4-128757415,A,G,0.25,16.0
chr4-139968403,A,G,0.2727272727272727,11.0
chr5-21467266,A,G,0.18181818181818177,11.0
chr5-21467267,A,G,0.18181818181818177,11.0
chr5-68510180,A,G,0.33333333333333337,21.0
chr5-68894814,A,G,0.3076923076923077,13.0
chr5-69751072,A,G,0.17500000000000004,40.0
chr5-112202147,A,G,0.18181818181818177,11.0
chr5-112202148,A,G,0.18181818181818177,11.0
chr5-121366411,A,G,0.25,16.0
chr5-121367093,A,G,0.2222222222222222,18.0
chr5-130537357,A,G,0.19512195121951215,41.0
chr5-130539266,A,G,0.16666666666666663,36.0
chr5-174956180,A,G,0.12765957446808507,47.0
chr5-179131273,A,G,0.18181818181818177,11.0
chr5-179131274,A,G,0.18181818181818177,11.0
chr5-179137853,A,G,0.16666666666666663,12.0
chr6-26421739,A,G,0.07692307692307687,13.0
chr6-27782381,A,G,0.3362068965517241,116.0
chr6-27782399,A,G,0.41975308641975306,81.0
chr6-27782423,A,G,0.4,40.0
chr6-31798531,A,G,0.15094339622641506,53.0
chr6-35439002,A,G,0.1875,16.0
chr6-36575266,A,G,0.19999999999999996,10.0
chr6-41901565,A,G,0.19999999999999996,10.0
chr6-42849373,A,G,0.09090909090909094,11.0
chr6-42849388,A,G,0.16666666666666663,12.0
chr6-43000247,A,G,0.25,16.0
chr6-43582828,A,G,0.14814814814814814,27.0
chr6-43584751,A,G,0.2857142857142857,14.0
chr6-43584847,A,G,0.19999999999999996,10.0
chr6-56922016,A,G,0.1428571428571429,21.0
chr6-58287636,A,G,0.4,10.0
chr6-111292123,A,G,0.3076923076923077,13.0
chr6-111588770,A,G,0.23529411764705888,17.0
chr6-111595029,A,G,0.2857142857142857,21.0
chr6-111595058,A,G,0.35,20.0
chr7-45797758,A,G,0.2962962962962963,54.0
chr7-66206523,A,G,0.36363636363636365,11.0
chr7-72418370,A,G,0.375,24.0
chr7-72716759,A,G,0.34782608695652173,23.0
chr7-128097845,A,G,0.18918918918918914,37.0
chr7-128142884,A,G,0.125,64.0
chr7-134332692,A,G,0.15384615384615385,13.0
chr7-134332697,A,G,0.16666666666666663,12.0
chr7-148960120,A,G,0.25,12.0
chr8-41401426,A,G,0.4,10.0
chr8-41401465,A,G,0.17391304347826086,23.0
chr8-42875798,A,G,0.18181818181818177,11.0
chr8-42875809,A,G,0.16666666666666663,12.0
chr8-73958749,A,G,0.1428571428571429,35.0
chr8-98741993,A,G,0.1923076923076923,26.0
chr9-33528790,A,G,0.16666666666666663,12.0
chr9-37510062,A,G,0.15384615384615385,26.0
chr9-44992921,A,G,0.16666666666666663,12.0
chr9-44992924,A,G,0.16666666666666663,12.0
chr9-46687621,A,G,0.2727272727272727,11.0
chr9-116054413,A,G,0.11111111111111116,63.0
chr9-133581092,A,G,0.33333333333333337,18.0
chr10-14950099,A,G,0.1875,16.0
chr10-96370561,A,G,0.17647058823529416,17.0
chr11-778348,A,G,0.3125,16.0
chr11-33097030,A,G,0.2941176470588235,17.0
chr11-62287843,A,G,0.11428571428571432,35.0
chr11-62506387,A,G,0.13636363636363635,22.0
chr11-82785571,A,G,0.13636363636363635,22.0
chr11-82785578,A,G,0.13043478260869568,23.0
chr11-134021798,A,G,0.2727272727272727,11.0
chr12-51324545,A,G,0.13043478260869568,46.0
chr12-53852189,A,G,0.19999999999999996,10.0
chr12-53852190,A,G,0.19999999999999996,10.0
chr12-69215801,A,G,0.19999999999999996,10.0
chr12-69240819,A,G,0.16666666666666663,12.0
chr12-72096842,A,G,0.6923076923076923,13.0
chr12-98990638,A,G,0.19999999999999996,10.0
chr12-98998293,A,G,0.25,12.0
chr12-98998999,A,G,0.15384615384615385,13.0
chr12-117287859,A,G,0.13636363636363635,22.0
chr12-120730736,A,G,0.10526315789473684,38.0
chr12-122215058,A,G,0.21052631578947367,19.0
chr12-122216232,A,G,0.16000000000000003,25.0
chr12-122506803,A,G,0.16666666666666663,12.0
chr12-122506807,A,G,0.16666666666666663,12.0
chr13-34421151,A,G,0.36363636363636365,11.0
chr13-77460367,A,G,0.16000000000000003,50.0
chr13-77585635,A,G,0.18181818181818177,11.0
chr13-77585642,A,G,0.19999999999999996,10.0
chr14-31564690,A,G,0.30000000000000004,10.0
chr15-23142484,A,G,0.2857142857142857,14.0
chr15-90817001,A,G,0.33333333333333337,12.0
chr15-90819489,A,G,0.16666666666666663,12.0
chr16-4013125,A,G,0.30000000000000004,10.0
chr16-31132968,A,G,0.13793103448275867,29.0
chr16-31134931,A,G,0.3913043478260869,23.0
chr16-81063122,A,G,0.23076923076923073,26.0
chr16-81064217,A,G,0.4285714285714286,14.0
chr17-4929954,A,G,0.2857142857142857,14.0
chr17-16287193,A,G,0.30000000000000004,10.0
chr17-16287223,A,G,0.2727272727272727,22.0
chr17-29061380,A,G,0.16666666666666663,12.0
chr17-29061398,A,G,0.16666666666666663,12.0
chr17-29223101,A,G,0.33333333333333337,12.0
chr17-29223102,A,G,0.16666666666666663,12.0
chr17-29224961,A,G,0.25,12.0
chr17-57280751,A,G,0.17391304347826086,23.0
chr17-57280760,A,G,0.1428571428571429,21.0
chr17-74723542,A,G,0.16666666666666663,12.0
chr17-74723543,A,G,0.16666666666666663,12.0
chr18-29651362,A,G,0.4285714285714286,14.0
chr19-2272345,A,G,0.16666666666666663,12.0
chr19-4434258,A,G,0.30000000000000004,10.0
chr19-11042979,A,G,0.36363636363636365,11.0
chr19-11042985,A,G,0.4,10.0
chr19-12926448,A,G,0.30000000000000004,10.0
chr19-13884515,A,G,0.6428571428571428,14.0
chr19-18045064,A,G,0.2727272727272727,11.0
chr19-18046465,A,G,0.1428571428571429,21.0
chr19-19792993,A,G,0.23076923076923073,13.0
chr19-21366938,A,G,0.2142857142857143,14.0
chr19-21368616,A,G,0.09090909090909094,11.0
chr19-21372770,A,G,0.16666666666666663,12.0
chr19-24309743,A,G,0.09999999999999998,40.0
chr19-42370972,A,G,0.15384615384615385,13.0
chr19-44500702,A,G,0.21052631578947367,19.0
chr19-44662480,A,G,0.20833333333333337,24.0
chr19-48285139,A,G,0.18181818181818177,11.0
chr19-49427421,A,G,0.1923076923076923,26.0
chr19-53858637,A,G,0.2727272727272727,11.0
chr19-57725872,A,G,0.2142857142857143,14.0
chr19-57818341,A,G,0.15384615384615385,13.0
chr19-57818348,A,G,0.15384615384615385,13.0
chr19-57844398,A,G,0.19999999999999996,10.0
chr19-58118776,A,G,0.2941176470588235,17.0
chr19-58118852,A,G,0.2727272727272727,11.0
chr19-58355181,A,G,0.16000000000000003,25.0
chr19-58373322,A,G,0.23076923076923073,13.0
chr19-58373325,A,G,0.25,12.0
chr19-58373342,A,G,0.16666666666666663,12.0
chr19-58373402,A,G,0.26315789473684215,19.0
chr19-58374643,A,G,0.2142857142857143,14.0
chr19-58809871,A,G,0.19999999999999996,10.0
chr19-58969769,A,G,0.2727272727272727,11.0
chr20-5980721,A,G,0.33333333333333337,12.0
chr21-11186839,A,G,0.33333333333333337,15.0
chr21-44452028,A,G,0.19999999999999996,15.0
chr21-44452036,A,G,0.19999999999999996,15.0
chr22-18571344,A,G,0.125,32.0
chr22-38342393,A,G,0.3076923076923077,13.0
chr22-44345494,A,G,0.19047619047619047,21.0
chr22-44347077,A,G,0.23076923076923073,13.0
chrX-16781556,A,G,0.16000000000000003,25.0
chrX-48439004,A,G,0.2857142857142857,14.0
chrX-54593240,A,G,0.15625,32.0
chrX-73230433,A,G,0.2666666666666667,15.0
chrX-77383963,A,G,0.17647058823529416,17.0
chrX-84346026,A,G,0.30000000000000004,10.0
chrX-100419504,A,G,0.19047619047619047,21.0
chrX-123046865,A,G,0.16666666666666663,42.0
chrX-128937680,A,G,0.18181818181818177,11.0
chrGL000195.1-66857,A,G,0.18181818181818177,11.0
chr1-17222689,T,C,0.11428571428571432,35.0
chr1-19542679,T,C,0.17391304347826086,23.0
chr1-20234569,T,C,0.16666666666666663,12.0
chr1-20976032,T,C,0.4,15.0
chr1-36068171,T,C,0.16666666666666663,12.0
chr1-36068276,T,C,0.21153846153846156,52.0
chr1-52817473,T,C,0.19999999999999996,10.0
chr1-52817474,T,C,0.19999999999999996,10.0
chr1-52817480,T,C,0.5454545454545454,11.0
chr1-52817487,T,C,0.36363636363636365,11.0
chr1-52838143,T,C,0.19999999999999996,10.0
chr1-52838144,T,C,0.19999999999999996,10.0
chr1-67879586,T,C,0.4545454545454546,11.0
chr1-118409393,T,C,0.2142857142857143,14.0
chr1-118409394,T,C,0.2142857142857143,14.0
chr1-147994691,T,C,0.1428571428571429,28.0
chr1-150591526,T,C,0.18181818181818177,11.0
chr1-150591691,T,C,0.30000000000000004,10.0
chr1-150593471,T,C,0.1923076923076923,26.0
chr1-179829595,T,C,0.2727272727272727,11.0
chr1-247318907,T,C,0.15625,64.0
chr2-37329261,T,C,0.23076923076923073,26.0
chr2-37329283,T,C,0.45945945945945943,37.0
chr2-37329347,T,C,0.36363636363636365,22.0
chr2-85773321,T,C,0.2777777777777778,18.0
chr2-85773636,T,C,0.1428571428571429,21.0
chr2-86251145,T,C,0.19354838709677424,31.0
chr2-96626278,T,C,0.15384615384615385,13.0
chr2-114466713,T,C,0.1351351351351351,37.0
chr2-114466719,T,C,0.1351351351351351,37.0
chr2-128603584,T,C,0.21212121212121215,33.0
chr2-128603727,T,C,0.16666666666666663,30.0
chr2-206981818,T,C,0.13043478260869568,23.0
chr2-206983298,T,C,0.16279069767441856,43.0
chr2-206987141,T,C,0.19354838709677424,31.0
chr2-217084531,T,C,0.19999999999999996,10.0
chr2-240942539,T,C,0.19999999999999996,10.0
chr3-44791553,T,C,0.12195121951219512,41.0
chr3-48744138,T,C,0.18181818181818177,11.0
chr3-48744161,T,C,0.18181818181818177,11.0
chr3-49461347,T,C,0.2666666666666667,15.0
chr3-52321413,T,C,0.25,12.0
chr3-53898027,T,C,0.30000000000000004,20.0
chr3-53900254,T,C,0.2857142857142857,14.0
chr4-73922672,T,C,0.33333333333333337,21.0
chr4-165997065,T,C,0.18181818181818177,11.0
chr5-34906657,T,C,0.38888888888888884,18.0
chr5-38939510,T,C,0.19999999999999996,10.0
chr5-40825936,T,C,0.14814814814814814,27.0
chr5-40825940,T,C,0.16666666666666663,24.0
chr5-40825946,T,C,0.16000000000000003,25.0
chr5-40830825,T,C,0.19999999999999996,10.0
chr5-156905412,T,C,0.25,12.0
chr6-13788347,T,C,0.25,16.0
chr6-26331686,T,C,0.16000000000000003,25.0
chr6-27782408,T,C,0.3857142857142857,70.0
chr6-27782435,T,C,0.8461538461538461,13.0
chr6-28446447,T,C,0.15000000000000002,20.0
chr6-74224350,T,C,0.18181818181818177,11.0
chr6-99321481,T,C,0.3125,16.0
chr6-150051211,T,C,0.2727272727272727,11.0
chr6-150051213,T,C,0.6,10.0
chr7-21928197,T,C,0.36363636363636365,11.0
chr7-25161422,T,C,0.1578947368421053,19.0
chr7-44620434,T,C,0.2857142857142857,21.0
chr7-45797760,T,C,0.2962962962962963,54.0
chr7-48003381,T,C,0.18181818181818177,11.0
chr7-56023786,T,C,0.18181818181818177,11.0
chr7-66148000,T,C,0.19999999999999996,10.0
chr7-72418378,T,C,0.19512195121951215,41.0
chr7-72465059,T,C,0.16666666666666663,18.0
chr7-72716767,T,C,0.2857142857142857,21.0
chr7-74296504,T,C,0.15384615384615385,13.0
chr7-90837026,T,C,0.15384615384615385,13.0
chr7-100955519,T,C,0.25,12.0
chr7-100957357,T,C,0.2857142857142857,14.0
chr7-102192655,T,C,0.30000000000000004,10.0
chr7-102291748,T,C,0.30000000000000004,10.0
chr7-102305987,T,C,0.19999999999999996,10.0
chr7-152342940,T,C,0.20512820512820518,39.0
chr7-158421112,T,C,0.21052631578947367,19.0
chr8-12039920,T,C,0.19999999999999996,10.0
chr8-56984989,T,C,0.15384615384615385,13.0
chr9-19375166,T,C,0.19999999999999996,10.0
chr9-34369512,T,C,0.19999999999999996,10.0
chr9-34369515,T,C,0.16666666666666663,12.0
chr9-67785972,T,C,0.23076923076923073,13.0
chr9-96210699,T,C,0.1282051282051282,39.0
chr9-115447571,T,C,0.2941176470588235,17.0
chr10-28812142,T,C,0.16666666666666663,24.0
chr10-43011610,T,C,0.15384615384615385,13.0
chr10-51587971,T,C,0.25,12.0
chr10-97657316,T,C,0.18181818181818177,11.0
chr10-103571360,T,C,0.19999999999999996,10.0
chr11-768724,T,C,0.19999999999999996,10.0
chr11-43878143,T,C,0.19999999999999996,10.0
chr11-47191317,T,C,0.4,10.0
chr11-62287828,T,C,0.10526315789473684,38.0
chr11-65543494,T,C,0.16666666666666663,12.0
chr11-71999310,T,C,0.16666666666666663,18.0
chr11-72002883,T,C,0.25,12.0
chr11-93468592,T,C,0.35,20.0
chr12-8234006,T,C,0.25,16.0
chr12-8388295,T,C,0.2727272727272727,22.0
chr12-56706628,T,C,0.4666666666666667,15.0
chr12-57124589,T,C,0.21999999999999997,50.0
chr12-64585672,T,C,0.33333333333333337,12.0
chr12-120636050,T,C,0.16666666666666663,12.0
chr12-120730724,T,C,0.1351351351351351,37.0
chr13-50487314,T,C,0.2222222222222222,18.0
chr15-41686511,T,C,0.26315789473684215,19.0
chr15-42831420,T,C,0.2857142857142857,14.0
chr15-59953316,T,C,0.2142857142857143,14.0
chr15-64656078,T,C,0.2727272727272727,11.0
chr15-64656090,T,C,0.16666666666666663,12.0
chr15-81268265,T,C,0.3076923076923077,13.0
chr15-81268275,T,C,0.3076923076923077,13.0
chr16-2801187,T,C,0.19999999999999996,10.0
chr16-2801199,T,C,0.19999999999999996,10.0
chr16-4800910,T,C,0.17391304347826086,23.0
chr16-18798283,T,C,0.09999999999999998,10.0
chr16-19715591,T,C,0.1428571428571429,28.0
chr16-21469315,T,C,0.2272727272727273,22.0
chr16-69357753,T,C,0.33333333333333337,18.0
chr16-70282818,T,C,0.16666666666666663,12.0
chr17-1684113,T,C,0.16666666666666663,12.0
chr17-1684358,T,C,0.3571428571428571,14.0
chr17-18175132,T,C,0.26086956521739135,23.0
chr17-29225234,T,C,0.12765957446808507,47.0
chr17-33337591,T,C,0.16666666666666663,12.0
chr17-37411973,T,C,0.3846153846153846,13.0
chr17-39982712,T,C,0.08695652173913049,23.0
chr17-42877641,T,C,0.2142857142857143,14.0
chr17-42877645,T,C,0.15384615384615385,13.0
chr17-66245201,T,C,0.19999999999999996,10.0
chr18-29521330,T,C,0.19999999999999996,10.0
chr18-29521354,T,C,0.19999999999999996,10.0
chr18-77916483,T,C,0.14814814814814814,27.0
chr19-1590134,T,C,0.15384615384615385,13.0
chr19-1604351,T,C,0.2727272727272727,11.0
chr19-2135113,T,C,0.30000000000000004,10.0
chr19-3758309,T,C,0.19999999999999996,10.0
chr19-11255762,T,C,0.2727272727272727,11.0
chr19-12831362,T,C,0.2727272727272727,11.0
chr19-18479162,T,C,0.18181818181818177,11.0
chr19-21374400,T,C,0.46153846153846156,13.0
chr19-23403767,T,C,0.17647058823529416,17.0
chr19-23403956,T,C,0.19999999999999996,25.0
chr19-23441329,T,C,0.2142857142857143,14.0
chr19-37236442,T,C,0.30000000000000004,10.0
chr19-37237931,T,C,0.25,16.0
chr19-37381531,T,C,0.18181818181818177,11.0
chr19-37619342,T,C,0.19999999999999996,15.0
chr19-51300708,T,C,0.16666666666666663,12.0
chr19-52505526,T,C,0.12121212121212122,33.0
chr19-53205454,T,C,0.19999999999999996,10.0
chr19-53385018,T,C,0.08333333333333337,12.0
chr19-58005020,T,C,0.23076923076923073,13.0
chr21-44263941,T,C,0.41666666666666663,12.0
chr21-45176304,T,C,0.3414634146341463,41.0
chr21-46359582,T,C,0.2777777777777778,18.0
chr22-16157883,T,C,0.375,16.0
chr22-20394620,T,C,0.11428571428571432,35.0
chr22-21827477,T,C,0.1578947368421053,19.0
chr22-26920391,T,C,0.16666666666666663,12.0
chr22-29899664,T,C,0.23076923076923073,13.0
chr22-29901489,T,C,0.21052631578947367,19.0
chr22-41581426,T,C,0.2727272727272727,11.0
chr22-41997864,T,C,0.19999999999999996,10.0
chr22-42905583,T,C,0.19999999999999996,20.0
chr22-42975060,T,C,0.2692307692307693,26.0
chrX-1501657,T,C,0.15384615384615385,13.0
chrX-1501667,T,C,0.16666666666666663,12.0
chrX-1502446,T,C,0.2142857142857143,14.0
chrX-135300127,T,C,0.13793103448275867,29.0
chrX-135300128,T,C,0.1428571428571429,28.0
chrX-151919053,T,C,0.2727272727272727,11.0
chrX-153629251,T,C,0.2857142857142857,14.0
chrGL000195.1-48406,T,C,0.2222222222222222,18.0
